ENVIRONMENTAL PROTECTION DEPARTMENT,,,,,,,,,,,,,,,
"HONG KONG SPECIAL ADMINISTRATIVE REGION, CHINA",,,,,,,,,,,,,,,
,,,,,,,,,,,,,,,
Hourly API (1 July 1999 - 31 July 1999),,,,,,,,,,,,,,,
Note: 1. The EPD has been reporting API for individual stations on an hourly basis since 1 July 1999.,,,,,,,,,,,,,,,
           2. Empty cells mean that API data are not available for that period.,,,,,,,,,,,,,,,
,,,,,,,,,,,,,,,
,,Roadside API,,,General API,,,,,,,,,,
Date,Hour,Causeway Bay,Central,Mong Kok,Central/Western,Eastern,Kwai Chung,Kwun Tong,Sha Tin,Sham Shui Po,Tai Po,Tap Mun,Tsuen Wan,Tung Chung,Yuen Long
01/07/1999,0,67,44,31,14,13,29,32,19,21,21,10,21,14,20
,1,67,43,31,14,13,29,32,19,21,21,9,21,15,20
,2,67,43,31,14,13,30,32,19,21,21,9,21,13,20
,3,67,42,31,14,13,30,32,19,21,20,9,21,11,20
,4,67,43,31,14,12,29,32,19,20,20,9,21,11,20
,5,67,44,31,14,12,29,32,19,20,20,9,21,12,20
,6,68,44,31,14,12,30,32,20,20,21,9,22,11,20
,7,67,43,30,13,12,29,31,19,20,22,9,21,13,20
,8,67,41,30,13,12,27,31,19,19,21,9,21,13,20
,9,67,38,30,12,12,26,30,20,19,20,10,20,13,20
,10,67,36,30,12,12,25,30,19,18,21,12,20,15,20
,11,67,35,29,12,12,25,30,19,17,21,15,20,13,19
,12,67,35,29,12,12,24,30,18,17,21,13,20,13,20
,13,66,35,28,11,13,24,29,18,17,22,17,19,13,19
,14,66,36,28,12,13,23,29,16,16,21,19,20,18,18
,15,67,37,27,12,13,22,28,16,15,22,16,20,18,18
,16,67,38,27,12,14,22,29,16,15,22,19,20,17,18
,17,66,37,27,14,14,21,29,16,14,22,16,19,15,18
,18,66,36,27,12,14,21,28,16,14,22,16,19,12,18
,19,66,36,27,12,14,21,28,16,14,22,15,19,12,18
,20,66,36,27,12,14,21,28,16,14,23,12,19,10,18
,21,66,36,27,12,14,21,28,16,14,23,10,19,9,18
,22,66,36,27,12,14,21,28,17,14,23,11,18,11,18
,23,66,35,27,12,14,20,28,17,14,23,10,19,11,18
02/07/1999,0,65,35,27,12,14,20,27,17,14,23,10,19,10,18
,1,65,35,27,12,14,20,27,17,13,23,10,19,10,19
,2,65,35,27,13,14,19,27,16,13,23,10,19,10,19
,3,65,36,,12,14,19,27,16,13,23,10,19,10,18
,4,65,36,27,12,14,19,27,16,13,23,10,19,11,18
,5,65,35,27,12,15,19,27,16,14,23,10,19,10,19
,6,65,36,27,12,15,19,27,16,14,23,10,19,10,19
,7,65,36,28,13,15,19,28,16,14,24,11,19,11,19
,8,66,37,28,15,16,20,28,16,14,24,11,19,11,20
,9,66,39,29,14,16,21,28,17,15,24,11,19,11,19
,10,66,41,30,14,17,21,29,17,15,24,15,20,12,19
,11,65,43,30,14,17,21,29,17,16,25,17,20,12,20
,12,65,43,31,14,17,22,29,17,16,25,18,20,14,19
,13,66,44,31,16,15,23,30,17,17,25,21,21,16,20
,15,64,43,32,15,16,23,31,17,18,24,18,20,14,20
,16,63,44,32,15,15,23,31,17,19,24,18,20,13,21
,17,63,44,32,15,15,23,30,17,19,24,15,21,13,21
,18,63,45,32,16,15,24,30,17,19,24,12,21,14,21
,19,64,46,32,16,15,24,30,17,20,25,11,21,13,21
,20,64,46,32,16,15,24,30,17,20,24,11,21,12,21
,21,64,45,33,16,15,24,30,17,20,24,12,21,13,21
,22,65,46,33,16,15,24,30,17,20,,11,21,15,21
,23,64,46,33,16,15,25,31,17,20,,15,21,16,21
03/07/1999,0,64,46,33,16,15,25,31,17,20,,15,21,15,21
,1,65,46,33,16,15,25,30,16,20,,11,21,13,21
,2,65,46,33,16,15,25,30,16,20,,11,22,13,20
,3,65,46,33,16,16,25,31,16,20,,11,22,12,20
,4,65,46,33,17,16,25,32,16,20,,11,21,12,20
,5,66,46,33,18,16,25,32,16,20,,11,21,12,20
,6,66,46,33,18,15,25,32,16,21,,11,21,12,20
,7,67,47,34,18,16,25,32,16,21,,10,21,12,21
,8,67,48,34,18,15,26,32,16,22,,12,22,12,21
,9,68,47,34,18,15,28,29,16,23,,13,21,16,21
,10,69,45,34,18,18,28,31,17,23,23,18,21,18,20
,11,70,45,34,18,18,29,31,17,23,22,17,21,16,21
,12,70,44,34,18,18,29,30,17,23,22,15,21,16,20
,13,70,45,34,18,18,29,30,17,23,22,14,22,16,20
,14,71,45,34,18,17,29,30,18,22,23,15,22,17,21
,15,71,45,34,18,17,29,30,18,22,23,17,23,15,21
,16,72,45,34,18,19,30,30,18,22,23,18,23,10,21
,17,72,45,34,18,18,30,29,18,21,23,15,23,15,21
,18,72,46,34,17,19,30,30,18,21,23,12,24,15,
,19,71,46,34,17,19,30,29,18,21,23,11,24,10,
,20,71,47,34,17,19,30,30,18,21,23,9,24,11,
,21,71,47,34,18,19,30,30,18,21,22,9,25,11,
,22,70,48,34,18,20,30,31,18,21,22,9,24,10,
,23,70,49,34,18,20,30,31,18,21,22,9,24,10,
04/07/1999,0,70,50,35,19,20,30,31,19,21,23,9,24,10,
,1,70,51,36,20,21,31,32,19,23,23,9,24,10,
,2,71,52,36,21,20,31,33,19,24,24,9,23,10,
,3,71,52,37,22,20,31,33,19,24,24,10,24,10,
,4,71,52,37,22,20,31,33,20,24,25,10,24,10,
,5,70,52,37,22,20,31,33,20,24,26,10,24,10,
,6,70,52,36,22,20,31,33,20,24,25,10,24,9,
,7,69,51,36,22,20,32,33,20,23,25,10,23,,
,8,67,50,35,21,20,31,33,20,22,25,14,22,,
,9,66,50,34,22,19,31,33,20,21,25,15,23,,
,10,66,49,34,22,16,31,33,20,21,25,15,23,,
,11,65,49,33,23,16,32,33,20,21,25,16,23,,
,12,65,49,34,23,17,33,33,20,21,25,,22,,
,13,66,48,34,23,17,31,33,20,21,25,19,23,,
,14,66,47,34,24,17,31,33,20,21,25,19,23,,18
,15,66,46,34,24,17,30,33,20,21,25,19,23,,18
,16,65,45,34,24,15,30,34,20,22,25,16,23,,18
,17,65,44,34,24,15,,33,20,22,25,16,23,,17
,18,64,43,34,24,15,,33,20,22,25,14,23,,17
,19,63,42,34,25,15,,34,20,23,24,9,23,,17
,20,62,42,34,25,15,,34,21,23,24,9,23,,17
,21,62,41,35,26,15,,34,21,24,24,12,23,,17
,22,63,40,34,26,14,,33,21,24,24,12,23,,17
,23,63,39,34,25,14,,33,20,23,24,10,23,,18
05/07/1999,0,62,37,33,25,14,,33,20,22,23,9,23,,18
,1,62,35,32,24,14,,33,21,21,23,9,24,,18
,2,60,33,32,23,14,,32,21,21,22,9,25,,18
,3,60,33,32,22,13,,32,21,21,22,9,25,,17
,4,60,33,32,21,13,,31,21,21,22,8,24,,17
,5,60,33,32,21,13,,31,21,21,22,8,24,,17
,6,60,33,31,21,13,,31,21,21,23,8,26,,18
,7,61,34,31,21,14,,31,21,21,22,12,28,,18
,8,61,36,31,21,14,,31,21,21,22,14,28,,18
,9,61,37,32,21,15,,32,21,21,22,12,28,,18
,10,62,39,32,20,15,,32,21,21,21,15,28,,18
,11,61,39,31,20,15,,32,21,21,22,21,28,,18
,12,61,40,31,20,15,,33,20,20,22,22,29,,18
,13,60,41,31,20,19,,33,20,20,23,,28,,19
,14,60,41,32,20,19,,33,20,20,23,,29,,19
,15,60,42,32,20,19,,33,20,20,23,,31,,19
,16,61,42,31,20,19,,33,20,21,23,,31,,19
,17,61,43,31,20,19,32,33,20,21,23,,34,,19
,18,62,44,31,20,19,31,33,20,21,23,,35,,19
,19,61,43,31,19,19,31,33,20,21,24,,36,,19
,20,61,43,31,19,19,30,34,20,21,23,14,35,,19
,21,60,44,30,19,19,30,34,20,21,23,10,32,,19
,22,60,44,31,19,19,31,34,20,21,23,8,30,,18
,23,60,44,31,18,19,31,35,20,21,23,13,28,,18
06/07/1999,0,59,43,31,18,19,31,35,20,21,23,9,26,,17
,1,59,43,31,18,19,32,36,20,21,22,8,26,,16
,2,59,44,31,18,19,32,36,20,21,23,8,25,,16
,3,59,43,32,18,19,32,37,20,21,23,8,25,,16
,4,59,43,32,18,19,33,38,20,21,23,8,25,,16
,5,59,43,32,18,19,33,38,20,21,23,9,25,9,16
,6,59,43,32,18,19,33,38,20,21,24,9,25,9,16
,7,58,43,32,17,18,33,38,20,21,24,10,25,9,16
,8,59,43,32,17,18,33,38,20,21,24,14,25,9,16
,9,58,42,32,17,17,34,38,20,21,25,14,24,9,16
,10,58,42,32,17,16,34,38,20,21,25,,25,14,
,11,58,41,33,17,20,34,38,20,21,25,17,25,13,
,12,57,41,33,17,20,34,39,20,21,25,13,25,17,
,13,58,40,33,17,15,34,39,20,21,24,12,25,15,
,14,57,41,33,17,15,35,40,21,21,24,17,25,11,
,15,56,40,33,16,15,35,41,20,21,24,10,24,11,
,16,55,41,33,16,18,36,41,20,21,24,10,24,11,
,17,54,41,33,16,18,36,41,20,21,24,9,24,11,
,18,52,41,33,16,17,37,42,20,21,24,10,24,12,
,19,53,42,33,16,17,37,43,20,20,25,10,24,12,
,20,53,42,33,17,18,37,43,20,20,25,10,24,12,
,21,53,42,33,17,18,36,43,20,20,26,10,24,13,
,22,53,42,33,17,18,36,43,20,20,27,11,24,13,
,23,54,43,33,18,18,37,43,21,20,28,11,25,14,
07/07/1999,0,54,45,34,19,19,37,43,21,21,28,11,25,15,
,1,55,46,34,20,19,38,44,21,21,28,11,26,17,
,2,56,46,34,21,20,38,43,21,21,28,11,27,17,
,3,56,46,34,21,20,38,43,21,21,28,11,28,16,
,4,56,46,34,22,20,39,43,21,21,28,11,28,16,
,5,56,46,34,22,20,39,43,21,21,28,11,28,14,
,6,55,46,35,22,20,39,43,21,21,27,11,28,14,
,7,55,45,35,22,20,39,44,21,22,27,11,28,15,
,8,54,44,35,22,20,40,44,21,22,27,12,29,13,
,9,54,44,35,22,20,40,45,21,22,26,14,29,13,24
,10,53,43,35,21,20,41,45,21,22,26,,29,13,24
,11,53,43,35,21,17,41,45,22,22,26,12,30,13,24
,12,53,43,35,21,18,41,45,21,22,26,15,30,13,24
,13,53,45,36,21,18,42,45,21,23,26,,31,14,23
,14,53,45,36,20,18,43,45,21,24,26,12,31,14,23
,15,53,45,37,21,19,43,45,22,25,26,12,30,14,23
,16,54,44,38,20,18,43,45,22,27,27,13,30,14,23
,17,54,45,39,20,18,43,45,23,29,27,13,30,15,23
,18,55,46,40,20,19,44,45,23,30,27,14,30,15,23
,19,54,48,41,20,19,44,44,24,31,27,14,31,17,24
,20,54,49,42,20,19,44,44,23,32,28,15,31,18,24
,21,54,50,43,21,19,45,44,24,33,27,16,31,19,25
,22,54,50,44,21,,45,43,25,34,27,16,31,,25
,23,53,50,45,22,20,45,43,24,34,28,17,30,19,26
08/07/1999,0,53,49,45,22,20,44,42,24,34,28,17,30,19,26
,1,52,48,45,22,20,44,41,24,34,28,18,29,17,27
,2,52,48,45,22,20,44,41,25,35,28,18,29,18,27
,3,52,49,46,22,20,44,40,25,35,28,19,30,18,28
,4,52,49,46,23,20,44,39,25,35,28,19,30,18,28
,5,52,49,45,23,20,44,39,25,35,28,19,30,19,28
,6,52,50,45,23,21,44,38,24,35,28,19,30,19,28
,7,52,51,45,24,21,44,38,24,35,28,20,30,19,28
,8,53,52,46,25,21,46,38,24,36,29,20,31,20,28
,9,53,53,47,25,21,48,37,25,37,29,20,31,20,30
,10,53,53,48,25,23,48,37,25,37,29,,31,20,30
,11,53,53,48,26,22,48,37,24,37,29,20,30,19,29
,12,54,53,48,26,21,48,38,24,37,29,,29,19,29
,13,54,54,50,26,22,49,39,25,38,29,20,29,20,30
,14,54,54,50,26,22,50,39,25,39,30,20,29,19,29
,15,55,54,50,27,22,50,40,26,39,31,20,29,19,29
,16,55,54,50,27,21,50,40,26,39,31,20,30,19,29
,17,55,54,51,27,21,50,39,26,39,32,20,30,19,28
,18,55,54,51,27,21,51,39,26,39,32,20,29,19,29
,19,56,53,51,27,21,51,39,26,39,33,20,29,19,29
,20,55,53,51,27,21,51,39,27,40,33,20,29,20,29
,21,55,53,51,26,21,51,39,27,39,33,20,29,20,29
,22,55,53,51,26,21,51,39,27,40,34,20,29,20,28
,23,56,53,51,27,21,51,39,27,40,35,20,29,20,29
09/07/1999,0,56,53,51,27,21,51,39,27,40,36,20,29,20,29
,1,56,54,51,27,21,52,39,27,40,36,20,29,20,29
,2,56,54,51,27,22,52,39,28,40,37,20,29,20,29
,3,56,54,51,27,22,52,39,28,40,37,20,29,20,29
,4,56,55,51,27,22,52,39,28,41,38,20,29,20,30
,5,56,55,51,27,22,52,39,28,41,39,20,30,21,30
,6,56,55,51,27,22,52,39,28,41,40,20,30,21,30
,7,56,54,51,27,22,52,39,28,41,41,20,30,21,31
,8,56,54,52,28,22,52,39,29,41,41,20,31,21,31
,9,56,53,52,28,23,51,39,29,42,41,20,31,21,31
,10,56,53,52,28,21,51,39,29,42,40,20,31,21,31
,11,56,54,52,29,21,52,39,30,43,41,,31,22,32
,12,56,54,52,29,21,52,38,29,42,42,20,30,22,31
,13,56,53,52,29,21,52,38,28,41,42,20,31,22,31
,14,56,54,52,29,21,51,38,28,41,41,19,30,21,31
,15,57,54,51,29,21,51,38,28,41,41,19,29,22,31
,16,57,55,51,29,21,51,38,29,41,42,19,30,22,31
,17,57,55,51,29,22,51,38,29,41,41,18,30,21,31
,18,57,56,51,28,21,51,38,29,41,41,,30,21,31
,19,57,56,51,28,21,51,38,29,41,40,18,30,21,31
,20,58,56,51,29,21,51,38,29,41,40,18,30,21,32
,21,58,56,51,29,21,50,38,29,41,40,18,30,21,32
,22,59,56,51,28,20,51,38,29,41,39,18,30,21,32
,23,59,56,51,28,20,51,38,29,40,38,17,30,21,33
10/07/1999,0,59,56,51,28,20,51,38,29,40,37,17,30,21,33
,1,59,56,51,28,20,51,38,29,40,,17,30,21,33
,2,59,56,51,28,20,51,37,29,40,,17,30,21,33
,3,59,56,51,28,20,51,37,29,40,,17,30,21,33
,4,59,55,51,28,20,51,37,29,40,,17,30,21,33
,5,59,55,51,28,21,51,37,29,40,,17,31,21,33
,6,60,55,51,28,21,51,37,29,41,,17,31,21,33
,7,60,55,51,28,21,52,37,29,41,,18,31,21,33
,8,60,55,51,28,21,51,37,29,41,,18,32,21,33
,9,61,56,51,28,21,51,37,29,41,,18,32,21,32
,10,62,55,52,28,21,51,37,29,41,,19,33,21,32
,11,62,55,52,28,22,51,37,30,42,,20,33,21,33
,12,62,55,52,28,23,51,37,30,43,,19,34,21,33
,13,63,54,52,28,23,52,37,30,43,,20,34,21,32
,14,63,53,52,28,23,52,36,30,43,,21,35,21,33
,15,63,53,52,28,24,52,35,29,42,,21,35,21,33
,16,62,52,52,28,23,51,34,29,42,,22,35,21,33
,17,62,52,52,28,23,51,33,28,43,,22,34,21,34
,18,62,52,52,28,24,51,33,28,44,,23,34,21,34
,19,62,51,52,28,24,51,32,28,44,,23,34,21,34
,20,61,51,52,28,24,51,32,28,44,,23,34,21,33
,21,61,51,52,28,24,51,31,27,44,,23,35,21,33
,22,61,51,52,28,25,51,31,28,44,,23,34,21,33
,23,61,51,51,28,25,51,31,28,44,,23,35,21,33
11/07/1999,0,61,51,51,28,25,51,31,28,44,,23,35,21,33
,1,60,51,51,27,25,51,31,28,44,,23,35,21,33
,2,60,51,51,27,25,51,31,28,44,,23,34,21,33
,3,61,51,51,27,25,51,31,28,44,36,23,35,21,33
,4,60,51,51,27,24,51,31,28,44,36,23,34,21,33
,5,61,51,51,27,24,51,31,28,44,36,23,34,21,33
,6,60,50,51,27,24,51,31,28,44,36,23,34,21,33
,7,60,50,51,27,24,51,30,28,44,36,23,34,21,33
,8,59,50,50,27,24,50,30,27,44,36,22,33,21,33
,9,59,48,50,26,24,50,29,27,43,36,23,33,21,35
,10,58,48,50,26,23,49,29,27,42,36,23,32,20,36
,11,58,48,49,26,24,48,28,26,41,35,22,32,20,38
,12,59,48,48,26,24,48,28,26,40,35,23,32,20,38
,13,59,48,47,26,23,46,27,26,40,34,23,32,20,39
,14,59,47,46,25,23,45,27,26,39,34,22,31,20,41
,15,59,47,46,25,23,44,27,26,38,34,22,31,20,42
,16,59,46,45,25,23,43,27,26,38,34,22,30,20,43
,17,59,45,44,25,23,42,26,25,36,33,22,30,20,42
,18,58,44,44,25,23,41,26,25,35,33,21,30,19,42
,19,58,44,44,24,23,40,25,25,34,33,21,30,19,42
,20,58,43,44,24,23,39,25,25,34,33,21,30,19,42
,21,58,42,43,24,23,39,25,25,34,32,21,29,19,42
,22,58,42,43,24,23,39,25,25,33,32,21,29,19,42
,23,58,42,43,24,23,40,25,25,33,33,21,29,19,41
12/07/1999,0,58,42,43,24,23,40,26,24,33,33,21,29,19,41
,1,58,41,42,23,22,41,26,24,33,33,20,29,19,41
,2,57,41,41,23,22,42,26,24,32,33,20,29,18,41
,3,57,41,41,23,22,43,26,24,32,32,20,28,18,41
,4,57,41,41,23,22,43,26,24,32,33,20,28,18,40
,5,57,41,41,23,23,44,26,24,32,33,20,28,,41
,6,57,42,41,23,23,44,26,24,32,32,20,28,,40
,7,57,43,40,23,23,45,26,24,32,32,20,29,,40
,8,58,45,40,23,22,45,27,24,32,32,20,29,,40
,9,60,47,41,23,23,47,27,24,32,33,20,29,,38
,10,60,48,41,23,23,48,28,25,33,33,21,29,,37
,11,61,49,42,24,22,48,28,25,34,33,25,29,,35
,12,61,49,42,24,22,47,29,25,34,33,,30,,35
,13,62,50,43,24,22,48,29,25,35,33,,30,,34
,14,61,50,43,23,22,48,30,25,35,33,,29,,32
,15,61,51,45,24,22,48,30,25,36,33,21,29,,31
,16,62,51,45,24,22,48,30,25,37,34,,29,,30
,17,62,51,46,23,22,47,31,26,38,34,,29,,30
,18,63,52,46,23,21,47,31,26,38,34,,29,,30
,19,63,52,46,23,21,47,31,27,38,34,19,29,,30
,20,63,53,45,23,21,45,31,26,38,35,21,29,,30
,21,63,53,45,23,20,45,31,27,38,35,22,29,,30
,22,63,53,45,23,20,43,31,26,38,35,22,28,,29
,23,63,53,44,22,20,42,31,26,38,,21,28,,29
13/07/1999,0,64,53,44,22,20,41,31,26,38,,21,28,,29
,1,64,53,44,22,20,41,31,27,38,,21,27,,29
,2,64,53,44,22,19,40,31,28,37,,20,27,,28
,3,64,53,44,22,19,40,31,28,37,,20,27,,28
,4,64,54,44,21,19,40,32,27,36,,20,26,13,27
,5,64,54,43,21,19,39,32,27,36,,19,26,13,27
,6,64,53,43,21,19,38,32,26,35,,19,25,13,27
,7,64,53,43,21,19,38,32,25,35,,18,26,14,27
,8,63,53,43,21,19,38,33,25,35,,17,26,13,27
,9,62,52,43,20,19,38,33,25,35,,17,25,13,26
,10,62,52,42,20,19,37,33,26,34,,16,25,13,26
,11,62,52,41,20,18,37,33,27,33,,20,25,19,26
,12,62,53,41,20,18,37,33,27,33,,24,25,19,26
,13,62,53,40,20,17,37,32,27,33,,,25,20,26
,14,62,53,40,20,17,37,32,26,33,,21,25,20,25
,15,61,53,39,20,17,37,32,26,32,,21,25,19,26
,16,61,52,39,20,16,36,32,26,31,,17,25,15,26
,17,60,52,39,20,16,36,32,23,30,,16,25,16,25
,18,60,52,38,20,16,37,33,23,29,,16,25,14,25
,19,60,52,38,21,16,37,33,22,29,,16,25,15,26
,20,60,52,38,20,16,36,33,23,29,,13,25,14,26
,21,61,53,38,21,16,37,33,22,29,,13,25,16,26
,22,62,53,39,21,16,37,33,22,29,,13,25,16,26
,23,62,53,39,21,16,37,33,22,29,,13,26,16,26
14/07/1999,0,63,53,39,21,16,37,33,23,30,,13,26,16,26
,1,63,53,39,21,16,37,32,23,29,,13,26,16,26
,2,63,53,39,21,16,37,33,22,29,,13,26,16,26
,3,64,52,39,21,16,37,33,22,30,,13,26,15,26
,4,64,52,39,21,17,37,33,23,30,,13,26,17,27
,5,64,52,40,21,16,37,33,23,30,,13,26,15,27
,6,64,52,39,21,16,38,33,23,30,,14,26,16,26
,7,64,52,39,21,16,38,33,23,30,,14,26,15,26
,8,63,52,39,22,17,38,32,23,29,,14,26,17,26
,9,63,52,40,23,16,38,32,23,29,,17,25,19,26
,10,63,53,41,23,16,38,32,23,29,,22,25,19,26
,11,63,52,42,23,16,38,32,23,29,,24,25,18,25
,12,63,52,42,23,16,39,32,24,29,,21,26,17,25
,13,62,52,43,23,16,39,33,24,29,,24,26,19,24
,14,63,52,44,24,16,39,33,25,29,,25,26,21,24
,15,63,52,43,24,17,39,33,25,29,,23,26,20,25
,16,64,52,43,23,17,39,32,25,29,,25,26,14,25
,17,65,52,43,24,18,39,32,26,30,,23,26,16,25
,18,65,52,44,24,18,39,32,27,30,,23,27,18,25
,19,66,52,44,24,19,39,32,27,30,,21,27,15,25
,20,66,52,44,24,19,39,33,27,30,,17,27,15,25
,21,66,51,43,24,19,40,33,27,30,,15,27,14,25
,22,65,51,44,24,20,40,33,27,30,,15,27,14,25
,23,65,51,44,24,20,40,33,27,30,,15,27,15,25
15/07/1999,0,66,51,44,24,20,40,33,27,30,,15,27,16,25
,1,66,52,44,24,20,40,32,27,30,,15,27,15,25
,2,66,53,44,24,20,40,32,27,30,,15,27,15,25
,3,66,53,44,24,20,40,32,27,30,,15,27,17,25
,4,66,54,44,24,20,40,32,27,30,,15,27,14,24
,5,66,54,44,23,20,39,32,27,30,,15,27,15,24
,6,66,54,44,24,20,39,31,27,31,,15,27,14,25
,7,66,54,45,24,20,39,31,27,31,,15,27,14,24
,8,66,54,44,24,19,39,31,27,30,,15,27,14,24
,9,65,53,43,23,19,39,31,27,30,,15,27,14,25
,10,64,53,43,23,20,39,31,27,30,,16,27,16,25
,11,65,53,43,23,21,39,32,26,30,,14,27,16,26
,12,64,53,42,24,21,39,32,26,29,,19,27,17,26
,13,64,53,41,23,21,38,32,25,29,,19,27,19,26
,14,65,53,40,23,21,39,32,24,29,,14,27,17,26
,15,65,53,41,22,20,39,32,24,30,,17,27,18,26
,16,65,52,41,22,20,39,32,24,30,,20,27,17,25
,17,65,52,41,22,20,39,32,24,30,,15,27,16,25
,18,65,52,41,22,19,40,32,24,30,,14,27,15,24
,19,65,51,40,22,19,39,31,24,30,,13,27,15,23
,20,66,51,40,23,19,39,31,24,30,,13,27,15,23
,21,65,51,41,24,19,39,31,25,32,,12,26,15,23
,22,65,50,40,26,18,39,31,26,33,,12,26,15,23
,23,65,50,41,27,18,40,31,27,34,,13,26,15,23
16/07/1999,0,65,49,41,27,18,42,31,29,34,,13,26,15,22
,1,65,48,40,27,18,42,31,31,34,,13,26,16,22
,2,65,46,40,27,18,41,31,31,34,,13,25,16,22
,3,65,46,40,27,18,40,31,31,34,,13,25,15,22
,4,65,45,40,27,18,39,31,31,33,,13,25,16,22
,5,65,44,40,27,18,38,31,31,32,,13,26,17,22
,6,65,44,40,27,18,38,31,30,31,,13,26,16,21
,7,66,44,39,26,18,38,30,30,31,,12,26,16,21
,8,66,44,39,26,18,38,31,30,31,,14,26,15,22
,9,66,44,40,25,18,39,30,30,31,,13,26,15,21
,10,67,43,40,25,18,39,30,30,31,,13,26,15,21
,11,66,43,39,24,17,38,29,31,32,,13,26,14,21
,12,66,43,40,22,18,39,29,31,32,,16,26,13,21
,13,65,43,40,21,18,39,29,31,32,,,26,13,21
,14,66,43,41,22,19,39,28,30,31,,16,25,13,21
,15,66,44,41,22,19,39,28,28,30,,18,25,13,21
,16,65,44,42,22,20,39,29,26,31,,15,25,13,21
,17,65,43,42,23,20,38,29,23,31,,15,25,17,21
,18,65,42,42,23,20,38,29,23,31,,15,25,15,21
,19,64,,42,23,20,38,29,22,31,,16,25,14,21
,20,63,,42,22,20,38,28,22,31,,16,25,16,21
,21,64,,42,22,20,38,28,22,31,,16,25,17,21
,22,64,,42,22,20,38,28,22,31,,16,25,16,22
,23,64,,42,22,20,38,28,22,31,,16,26,16,22
17/07/1999,0,64,,42,22,20,38,,22,31,,16,26,16,22
,1,64,,43,23,20,39,28,22,31,,16,26,18,23
,2,63,,43,23,20,39,28,22,32,,16,26,18,23
,3,63,,43,23,21,40,29,22,32,,16,26,17,24
,4,63,,44,24,21,40,29,22,32,,17,26,18,24
,5,63,,44,24,21,41,29,23,33,,17,26,18,25
,6,63,,44,24,21,41,29,23,33,,17,26,17,
,7,63,,45,24,21,41,29,23,33,,18,26,18,
,8,62,,45,25,21,41,29,22,34,,18,26,19,
,9,62,,44,25,21,40,29,22,34,,18,26,20,
,10,62,,45,25,22,40,29,21,34,,18,26,18,26
,11,62,,45,26,22,40,29,21,34,,23,26,18,26
,12,61,,45,26,21,41,29,21,35,,21,,17,26
,13,61,,46,26,21,41,29,22,35,,18,,17,26
,14,61,,46,26,21,41,29,22,35,,,,17,26
,15,60,,46,26,21,41,28,22,34,,18,,17,26
,16,61,,45,26,21,41,28,22,34,,18,,17,27
,17,60,,46,26,21,41,28,22,34,,18,,17,27
,18,60,,46,26,21,41,27,22,34,,18,,17,27
,19,60,,46,26,22,42,28,22,34,,18,,17,27
,20,60,,46,27,22,43,28,23,35,,19,,18,28
,21,59,,47,27,22,43,29,23,35,,19,,18,28
,22,59,,47,27,22,43,29,23,35,,19,,18,28
,23,58,,47,27,22,43,29,23,36,,19,,18,28
18/07/1999,0,57,,47,27,22,44,29,23,36,,19,,18,29
,1,57,,47,27,22,45,29,24,36,,19,,18,29
,2,57,,46,27,22,45,29,24,36,,20,,18,29
,3,57,,46,27,22,45,29,24,36,22,19,,18,29
,4,57,51,46,27,22,46,29,24,36,22,19,,18,29
,5,58,51,46,27,22,46,29,24,36,22,20,,18,29
,6,57,51,46,27,22,46,29,24,36,23,20,,18,28
,7,57,50,46,27,22,46,29,24,36,22,19,,18,28
,8,57,51,45,27,22,46,29,24,36,22,19,,18,28
,9,57,51,45,26,22,46,29,24,35,22,19,,18,29
,10,57,51,45,26,21,46,29,24,35,23,19,,18,29
,11,57,51,44,26,21,47,29,24,35,23,19,,18,29
,12,57,51,44,26,21,47,30,24,35,23,19,,18,29
,13,57,51,43,25,21,46,29,24,34,23,19,,18,29
,14,56,51,42,25,20,45,29,24,34,23,19,,19,29
,15,56,50,42,25,20,45,29,24,34,23,19,,19,30
,16,55,50,42,25,20,45,29,24,34,23,19,,19,30
,17,55,50,42,24,20,45,30,24,33,23,19,,18,29
,18,55,50,41,24,20,44,30,24,33,23,19,,18,29
,19,54,50,41,24,20,43,30,24,33,23,18,,18,29
,20,55,50,41,24,20,42,30,24,32,23,18,,18,29
,21,55,50,40,23,20,41,31,24,32,24,18,,18,28
,22,54,50,40,24,20,41,31,24,32,24,18,,18,28
,23,54,51,40,24,20,41,31,24,32,24,18,,18,28
19/07/1999,0,54,51,40,24,20,40,31,24,33,25,19,,18,28
,1,54,51,40,24,20,40,32,24,33,25,19,,18,28
,2,54,51,41,24,20,39,32,24,33,25,19,,19,28
,3,54,51,41,24,20,39,32,24,33,25,19,,18,28
,4,54,52,41,24,20,39,32,25,33,25,19,,19,29
,5,53,53,41,24,21,39,32,25,33,25,19,,19,29
,6,53,53,41,24,21,39,32,25,33,26,19,,19,29
,7,54,53,41,24,21,39,32,25,33,26,20,,19,30
,8,54,54,41,24,21,39,33,25,34,26,20,,19,30
,9,54,54,42,25,21,40,34,26,34,26,20,,20,31
,10,54,55,42,25,22,41,34,26,35,26,,,20,31
,11,54,55,45,24,23,42,35,26,35,27,19,,20,32
,12,54,55,47,25,23,43,36,26,35,27,,30,21,32
,13,55,55,49,25,23,43,36,26,36,27,20,30,21,32
,14,55,55,50,25,24,44,37,27,36,28,20,30,21,32
,15,55,56,51,25,24,44,37,27,36,28,21,31,21,32
,16,55,56,52,26,24,45,38,27,37,28,22,31,22,32
,17,55,56,52,26,24,45,38,27,37,29,22,32,23,33
,18,55,,52,,24,46,38,27,37,29,,32,23,33
,19,55,,52,,24,46,38,27,38,29,23,32,23,33
,20,55,,53,,24,46,38,27,38,30,23,32,23,33
,21,56,,53,,25,47,39,27,38,30,23,33,24,33
,22,57,,53,,25,47,39,27,38,30,23,33,24,34
,23,57,,53,,25,48,39,27,38,30,23,33,24,34
20/07/1999,0,57,,53,,25,49,39,28,38,31,23,33,24,34
,1,56,,53,,24,49,39,28,38,31,23,33,24,34
,2,56,,53,,24,50,39,28,38,31,23,33,24,34
,3,56,,53,,25,,39,28,38,31,24,33,24,34
,4,56,,53,,25,,39,28,38,32,24,33,24,34
,5,56,,53,,24,,39,28,38,32,24,34,24,34
,6,56,,53,,25,,40,28,38,31,24,34,24,34
,7,56,,53,,25,,40,28,38,32,24,34,24,34
,8,56,,55,,25,,39,28,38,32,24,33,24,34
,9,56,,56,,24,,39,28,38,33,24,33,24,34
,10,56,,60,,25,,39,28,38,32,24,34,24,34
,11,56,,59,,24,,39,28,37,33,24,34,23,34
,12,56,,54,,24,,39,28,37,33,25,34,23,35
,13,56,,53,,24,,39,28,38,33,25,34,23,35
,14,56,,53,,25,,40,29,38,33,25,34,24,35
,15,56,,54,,25,,41,29,38,34,25,34,24,35
,16,56,,53,,25,,41,29,38,34,25,34,23,36
,17,56,,53,,25,,42,29,38,34,25,34,23,35
,18,55,,54,,25,,42,29,38,34,26,34,23,36
,19,54,,55,,25,,42,29,38,33,26,34,23,36
,20,53,,55,,25,,42,29,37,33,26,34,23,36
,21,53,,55,,24,,42,28,37,33,26,34,23,36
,22,52,,55,,24,,42,28,37,33,26,33,23,36
,23,53,,55,,24,,42,28,37,33,26,33,22,36
21/07/1999,0,53,,54,,24,,42,28,37,33,26,33,22,36
,1,53,,54,,24,,41,27,37,34,26,33,22,36
,2,53,,54,28,24,,41,27,36,34,26,32,22,36
,3,53,,54,27,23,,41,27,36,34,26,32,22,36
,4,53,,54,27,23,41,40,26,36,33,26,32,22,36
,5,53,,54,26,23,40,40,26,36,34,26,31,22,36
,6,53,,54,26,23,40,40,26,36,34,25,31,22,36
,7,53,,55,26,23,40,40,26,36,34,25,31,22,36
,8,53,,56,26,23,41,40,26,36,34,25,31,22,35
,9,52,,58,26,23,42,39,25,35,34,25,30,22,35
,10,52,,59,26,22,43,39,26,35,34,25,30,21,35
,11,52,,62,26,22,43,38,26,35,34,25,29,22,34
,12,53,,55,26,22,43,38,26,35,34,,29,21,33
,13,53,,55,26,22,43,38,26,35,34,25,29,21,33
,14,53,,54,26,22,43,38,26,35,33,28,29,20,33
,15,53,,54,25,22,43,39,27,35,34,24,29,20,34
,16,53,,53,25,22,43,40,27,34,34,,30,20,33
,17,54,,53,25,22,43,41,27,34,35,24,30,20,33
,18,55,,53,26,22,43,41,27,34,35,,30,20,33
,19,57,,52,26,22,43,42,27,34,36,,30,20,33
,20,59,,52,26,22,43,42,27,34,36,24,30,,33
,21,60,,52,27,22,43,42,27,34,36,24,30,,33
,22,60,,52,27,23,43,42,27,34,36,23,30,,33
,23,61,57,53,27,23,43,42,27,33,36,23,30,,32
22/07/1999,0,62,56,53,27,23,43,42,27,33,36,24,30,,32
,1,62,55,55,27,24,43,41,27,33,35,24,30,,32
,2,62,55,55,27,24,43,41,27,33,35,23,30,,32
,3,63,54,56,28,25,43,40,28,33,35,23,30,,33
,4,63,53,56,28,,43,40,29,33,34,23,31,,33
,5,63,53,56,28,,42,40,29,33,34,24,31,,
,6,64,52,57,29,,43,40,29,33,33,24,31,,
,7,64,53,55,29,,43,39,30,34,33,24,32,,
,8,64,53,52,30,,44,40,30,35,33,25,32,,
,9,65,53,58,31,,44,40,31,36,34,25,33,,
,10,66,53,54,31,,45,41,31,36,34,33,33,25,33
,11,66,53,54,30,,45,41,31,36,34,41,34,25,34
,12,67,53,54,31,,44,41,32,36,34,41,34,25,34
,13,67,54,55,32,,44,42,32,36,34,37,34,27,34
,14,68,55,55,32,,44,42,32,37,34,42,34,25,34
,15,69,55,55,33,,44,41,34,37,34,45,35,32,34
,16,70,56,63,34,,48,40,34,38,33,46,36,25,35
,17,71,56,66,35,,48,40,37,39,39,39,36,29,35
,18,72,56,61,36,,47,41,37,40,33,36,38,28,35
,19,71,57,59,37,,48,42,39,41,33,36,39,27,36
,20,70,57,62,38,,49,42,40,42,33,29,40,27,36
,21,69,58,63,38,,50,43,41,43,39,29,41,29,52
,22,69,60,65,39,,51,44,42,44,49,29,42,35,46
,23,69,62,67,41,,52,46,43,45,43,29,43,34,49
23/07/1999,0,69,63,68,42,,53,46,44,46,43,29,44,32,51
,1,69,63,67,42,,53,47,45,47,44,32,44,33,52
,2,70,63,68,43,,53,47,46,48,45,38,45,34,53
,3,,62,68,43,,53,47,46,49,47,32,44,35,54
,4,,61,69,45,,53,48,46,50,48,33,45,36,54
,5,,61,69,45,,55,49,47,50,49,33,46,38,55
,6,,61,69,46,,56,49,48,50,50,33,47,39,56
,7,,62,68,46,35,56,49,48,50,50,33,47,39,57
,8,,62,67,46,36,57,49,49,50,51,33,46,40,58
,9,,62,64,46,36,56,48,48,50,51,32,47,41,58
,10,,61,64,47,36,56,48,49,50,51,,47,43,59
,11,,61,64,47,36,56,48,49,50,50,,48,43,59
,12,,62,64,48,36,56,47,48,51,50,,48,44,59
,13,,61,64,48,36,58,46,48,51,51,,50,45,60
,14,78,59,64,48,36,59,46,47,51,51,,51,46,60
,15,78,59,62,48,36,60,46,45,51,51,,51,51,61
,16,77,58,59,47,36,59,46,44,51,51,,51,64,61
,17,77,58,55,47,37,57,45,43,50,51,33,51,50,61
,18,78,58,53,46,37,55,44,41,50,51,29,52,49,61
,19,78,58,52,45,37,55,44,41,50,51,29,51,49,62
,20,78,58,53,45,37,54,44,40,51,51,28,51,49,62
,21,79,58,53,45,37,54,44,40,51,51,28,51,50,61
,22,79,58,53,45,36,54,43,40,51,50,28,51,49,61
,23,79,57,53,44,37,55,42,40,50,50,27,50,49,61
24/07/1999,0,79,58,53,44,36,54,43,41,50,50,27,49,50,61
,1,80,58,53,44,35,54,42,41,50,51,26,49,50,61
,2,79,57,52,43,34,53,42,40,49,51,25,48,50,62
,3,78,57,52,43,33,53,42,40,49,51,24,48,51,63
,4,78,57,52,42,,53,42,40,48,53,22,48,52,65
,5,78,57,52,41,,52,42,39,48,55,23,48,53,66
,6,78,56,52,41,,52,41,39,48,56,26,47,54,67
,7,78,56,51,40,,51,41,39,47,58,29,47,55,67
,8,77,56,51,40,,51,40,38,47,58,31,47,56,68
,9,76,56,52,40,,51,40,38,47,59,40,47,56,69
,10,77,58,52,41,,52,41,41,48,60,55,48,56,69
,11,78,58,53,42,,53,42,57,49,61,72,49,57,69
,12,79,58,53,43,,53,42,66,50,62,,50,65,70
,13,80,58,54,44,,54,43,54,51,62,55,51,83,70
,14,80,59,54,45,,54,43,46,51,62,,51,76,71
,15,80,59,55,45,,54,43,46,52,62,45,51,59,71
,16,80,59,56,47,,54,43,48,52,63,,51,59,71
,17,81,59,56,48,,54,44,49,52,63,41,51,59,71
,18,81,58,56,48,,54,44,50,52,62,42,51,59,72
,19,80,58,56,49,,54,44,49,52,62,43,51,59,71
,20,80,57,56,48,,53,44,47,51,62,43,50,59,70
,21,79,56,55,47,,52,44,46,51,61,44,50,58,69
,22,79,55,55,46,,52,43,46,51,60,44,50,57,67
,23,78,55,55,46,,52,43,44,51,59,45,50,57,65
25/07/1999,0,77,54,55,46,,51,43,43,51,58,45,49,57,64
,1,76,54,55,45,,51,42,42,50,57,45,48,57,62
,2,76,54,55,45,,51,42,41,50,56,45,48,57,60
,3,76,53,55,45,,51,42,40,50,55,44,47,57,58
,4,75,53,55,44,,50,42,39,49,53,45,46,56,
,5,75,53,54,43,,50,41,38,48,51,44,44,55,
,6,74,52,54,43,,49,41,38,48,48,42,44,55,
,7,74,52,54,43,,49,41,37,47,44,40,43,,52
,8,74,52,54,43,,48,40,36,47,41,38,43,,
,9,74,50,53,42,,47,40,36,46,38,37,42,,
,10,72,48,53,41,,44,38,35,44,35,34,39,,
,11,71,46,52,39,,42,37,33,43,33,32,38,,
,12,70,45,51,38,,39,36,31,41,31,,35,,
,13,69,43,50,36,,37,35,30,40,30,35,33,,
,14,69,43,50,36,,35,34,29,38,29,42,31,,
,15,69,43,50,38,,35,35,38,38,34,38,31,,
,16,69,42,49,34,,34,34,28,37,27,32,30,,
,17,68,41,49,33,,33,33,28,36,27,32,29,,
,18,68,41,48,33,,33,33,28,36,27,32,29,,
,19,67,41,48,32,,32,32,28,36,27,32,30,,
,20,67,42,48,33,,33,33,28,36,27,32,30,,
,21,67,42,48,33,,33,32,29,36,28,32,31,,
,22,67,40,47,32,,32,31,28,35,27,31,30,,
,23,66,39,46,31,,32,30,28,34,27,31,30,,
26/07/1999,0,66,39,45,31,,31,30,28,34,27,30,29,,
,1,65,38,44,31,,30,29,27,33,27,30,29,,
,2,64,39,43,30,,30,29,27,33,27,29,28,,
,3,64,39,42,30,,29,29,26,32,26,29,28,,
,4,64,39,42,30,,29,28,26,32,26,28,27,,25
,5,64,39,42,30,,29,28,25,31,26,28,27,,25
,6,64,38,41,29,,28,28,25,31,25,27,27,,25
,7,63,37,41,28,,28,27,25,30,25,26,27,,25
,8,63,38,41,28,,28,28,25,30,25,25,27,,26
,9,64,38,40,28,,28,28,24,30,25,25,27,,27
,10,64,37,39,27,,28,29,23,30,24,24,26,,26
,11,64,36,39,26,,28,29,23,29,24,23,26,,26
,12,63,35,38,26,,27,29,22,29,23,,25,,26
,13,63,34,37,25,,27,29,21,28,22,,25,,25
,14,63,33,37,25,,27,29,20,28,22,,25,,25
,15,61,31,35,23,,26,28,18,26,21,,24,,26
,16,60,30,34,22,,25,28,17,25,20,19,24,,24
,17,60,29,33,21,,24,29,16,24,19,19,23,,24
,18,58,29,33,20,,23,29,15,24,18,,23,,22
,19,57,28,33,20,,22,29,14,23,17,18,23,,22
,20,56,27,32,20,,22,29,14,22,17,18,22,,21
,21,55,26,32,20,,22,29,14,21,17,19,22,,22
,22,54,27,32,20,,22,29,15,22,16,19,22,,22
,23,54,28,32,20,,22,29,15,22,17,20,22,,23
27/07/1999,0,54,28,33,20,,22,29,15,22,16,15,22,,23
,1,54,28,33,20,,22,29,16,22,16,21,21,,24
,2,54,28,33,21,,23,29,19,23,17,19,22,,24
,3,54,29,33,21,,23,29,16,23,17,15,22,,24
,4,54,29,33,22,,23,30,18,23,17,15,22,21,25
,5,54,29,33,22,,24,30,17,24,18,15,22,21,25
,6,54,30,33,22,,24,30,17,24,18,15,22,21,26
,7,54,30,33,23,,25,30,16,24,19,15,23,22,25
,8,54,32,33,23,,25,30,17,25,19,15,23,22,25
,9,53,34,34,23,,26,30,17,26,19,16,23,22,26
,10,53,38,37,24,,29,31,17,27,19,16,23,23,28
,11,54,41,40,26,,33,32,18,30,19,17,25,24,31
,12,54,43,42,28,,29,32,19,31,19,18,25,26,32
,13,53,44,44,29,,30,33,19,32,21,18,25,29,33
,14,53,46,45,29,,42,33,20,34,22,18,34,29,36
,15,53,49,49,38,,54,58,31,43,34,29,45,52,38
,16,56,63,51,51,,51,67,34,48,31,38,53,72,41
,17,65,61,66,53,,65,78,54,55,40,46,64,56,45
,18,55,55,53,35,,47,46,32,48,36,54,39,37,48
,19,56,55,54,36,33,46,48,32,49,37,44,40,37,49
,20,57,56,54,36,33,48,49,33,50,39,31,42,37,49
,21,57,56,55,37,34,49,50,34,50,40,32,43,37,49
,22,58,56,55,38,35,50,52,35,51,41,34,44,38,50
,23,59,57,56,39,36,52,54,36,51,41,34,44,38,50
28/07/1999,0,59,57,56,39,36,53,55,37,52,42,35,45,39,51
,1,60,58,57,39,37,55,57,37,52,42,35,46,40,52
,2,60,59,57,39,38,56,59,38,53,43,35,47,41,52
,3,61,60,58,41,40,58,61,38,53,43,36,48,40,53
,4,61,61,58,42,40,60,63,39,54,43,36,50,41,54
,5,62,62,59,43,40,61,64,40,54,43,37,49,41,55
,6,62,62,59,44,39,61,66,41,55,44,38,50,42,56
,7,63,62,60,45,39,62,67,42,56,45,38,50,42,
,8,65,63,60,45,39,64,68,44,57,46,38,52,42,
,9,67,64,61,46,40,67,69,45,57,46,38,53,41,
,10,68,65,61,45,40,68,70,46,57,46,38,54,41,
,11,69,66,60,44,40,68,71,46,57,46,39,55,40,
,12,70,67,60,44,40,70,72,47,57,47,39,56,39,
,13,71,68,60,44,40,71,74,48,57,47,43,58,39,
,14,73,68,60,45,40,71,75,49,57,48,42,57,41,
,15,73,67,59,46,39,69,73,47,56,48,41,55,41,
,16,72,66,58,44,37,67,69,45,54,47,40,52,38,
,17,72,65,57,43,35,64,64,42,52,46,39,48,35,
,18,73,65,57,43,34,63,63,40,52,45,38,47,35,
,19,74,65,56,43,,62,62,40,51,43,36,47,35,
,20,74,65,56,43,,62,60,40,51,44,35,46,35,
,21,74,65,56,43,,61,59,39,51,44,34,45,,
,22,73,65,56,42,,60,57,38,50,45,33,45,,
,23,73,65,56,41,,60,55,37,50,46,32,45,,
29/07/1999,0,73,64,55,41,,59,54,37,50,47,32,44,,
,1,73,64,55,41,,59,52,37,50,47,31,44,,
,2,72,63,55,40,,58,51,37,48,48,31,43,,
,3,72,63,54,39,,57,50,36,47,48,30,42,,
,4,72,62,54,38,,57,49,36,46,47,29,41,,
,5,72,62,53,37,,56,48,35,46,47,29,40,,
,6,72,62,53,36,,56,46,34,46,47,28,40,,
,7,72,61,53,36,,55,45,34,44,47,28,39,,
,8,72,60,53,35,,53,44,33,41,46,28,38,,
,9,71,59,52,35,,51,44,31,40,45,28,37,,
,10,72,57,52,34,,50,44,30,38,44,27,36,,
,11,72,57,52,33,,49,44,30,38,43,26,35,,
,12,72,57,52,33,,48,42,,38,41,,35,30,
,13,72,57,51,32,,47,39,,37,40,25,35,29,
,14,72,55,50,30,,46,38,,,38,24,34,27,
,15,72,54,48,29,,44,36,,,36,23,34,28,
,16,73,53,48,28,,43,34,,,35,21,33,23,
,17,74,52,48,28,,42,33,,,33,18,33,23,
,18,74,51,47,27,,41,32,,,32,17,32,22,
,19,74,51,47,27,,40,31,,,31,16,32,22,
,20,75,51,46,27,,39,31,,,29,16,31,22,
,21,75,51,46,27,,39,30,,,28,16,32,22,
,22,76,,46,26,,38,30,,,27,16,32,22,
,23,77,,45,26,,37,29,,,26,16,32,21,
30/07/1999,0,78,,45,26,,37,29,,,25,16,32,21,
,1,78,,45,26,,37,28,,,24,16,32,21,
,2,78,,45,27,,36,28,,,24,17,33,22,
,3,79,,46,27,,35,27,,,23,17,33,22,
,4,79,,46,27,,35,27,,,23,17,33,22,
,5,79,,46,28,,34,27,,,23,18,33,23,
,6,79,,46,28,22,34,28,,34,23,18,34,23,35
,7,79,,46,28,22,33,28,,34,23,18,34,23,36
,8,80,,44,29,23,33,28,26,34,23,18,34,23,36
,9,78,,42,29,23,32,28,25,35,23,18,33,22,35
,10,77,,41,28,23,31,28,25,35,23,18,33,22,35
,11,78,,40,28,23,30,27,24,35,23,21,32,22,
,12,77,,40,28,23,29,27,24,34,23,24,31,21,33
,13,77,,40,28,23,27,28,24,34,23,23,30,20,33
,14,76,,40,28,22,27,28,24,34,23,22,30,20,33
,15,76,,40,28,22,27,28,23,34,22,22,29,19,32
,16,76,,40,28,22,27,28,23,34,22,23,29,19,32
,17,76,,40,27,22,27,28,23,33,22,19,28,19,32
,18,75,,39,27,22,27,28,22,33,22,,28,19,31
,19,75,,39,26,22,27,28,22,33,22,18,28,18,30
,20,75,,38,26,21,27,28,21,32,22,17,27,18,30
,21,74,,38,26,21,27,28,21,32,21,17,27,18,28
,22,74,,38,26,21,27,28,20,32,20,16,27,18,28
,23,74,,38,26,21,27,28,20,31,20,16,26,18,27
31/07/1999,0,73,,38,26,21,26,27,20,31,20,16,26,18,27
,1,73,,38,25,20,26,27,19,31,19,15,26,18,26
,2,73,42,37,25,20,26,27,19,31,19,17,25,20,26
,3,73,42,37,25,20,26,28,18,30,18,16,25,21,26
,4,73,41,37,24,19,26,28,18,30,18,17,24,22,26
,5,73,40,37,24,19,25,28,17,30,18,15,24,22,25
,6,73,39,36,24,19,26,28,17,29,17,15,24,22,25
,7,73,39,36,23,18,26,28,17,29,18,16,23,23,24
,8,72,40,36,22,18,26,28,16,29,18,17,23,23,24
,9,72,41,35,21,18,26,27,15,28,18,19,23,25,24
,10,73,42,34,20,17,26,27,17,28,19,21,23,29,24
,11,72,42,34,20,17,26,28,18,28,19,20,24,32,24
,12,72,42,34,20,18,26,28,18,28,20,20,24,34,23
,13,71,42,33,20,18,26,27,16,28,17,16,24,35,24
,14,72,42,33,19,18,26,27,15,28,17,20,24,36,24
,15,72,42,32,19,18,26,27,14,27,17,17,24,35,24
,16,72,43,32,19,18,26,27,13,27,17,16,24,37,24
,17,72,41,32,19,17,25,26,13,27,17,15,24,38,24
,18,73,39,32,19,18,25,27,13,27,16,16,23,40,24
,19,72,39,33,19,18,25,26,13,27,16,17,23,40,24
,20,72,39,33,19,18,25,26,13,27,16,14,23,40,24
,21,72,39,32,19,18,25,26,13,27,16,12,23,39,24
,22,72,40,32,18,17,25,26,13,27,16,12,24,38,24
,23,73,40,31,18,18,25,26,13,27,17,12,24,38,24
